Nombre,Nombre Xprinta,Categoría,Dirección,Descripción,Nº Oportunidad,FOTOS,,Web,Estado Web ,Comentarios
Grupo Impacto Global,Xprinta Albacete 1,Implantación corporativa,"Calle Juan Sebastián Elcano, 6, 02005 Albacete","Xprinta Albacete está especializada en ofrecer soluciones visuales y de branding para negocios, destacándose por su capacidad de convertir las ideas en realidad y proyectar la imagen de marca al mundo. Se compromete a garantizar una calidad excepcional en todos sus servicios, desde tarjetas de visita hasta impresiones de gran formato, reflejando lo mejor de cada empresa",20221286 20230853 ,SUBIDO,,SI,BUENO,KIT DIGITAL 
AlcoiRotul,Xprinta Alcoi,Rotulación Básica,"Calle Fila Benimerines, 33, Polígono Industrial, 03801, Alcoi, Alicante","Xprinta Alcoi es un estudio especializado en servicios de rotulación, impresión digital, diseño gráfico, decoración interior y exterior, y revestimiento de fachadas. Con más de 30 años de experiencia, se enfoca en brindar soluciones personalizadas y creativas para cada cliente, destacando por su capacidad para transformar ideas en realidad. Su oferta incluye desde el diseño hasta la implementación de proyectos visuales y publicitarios, buscando siempre superar las expectativas con un producto final de alta calidad.",20221298 20221370 20221225 20230332 20220975 20230652,SUBIDO,,SI,BUENO,
Transol,Xprinta Alcover,Protección Solar,"C-37, 43460 Alcover, Tarragona","Xprinta Alcover se especializa en la fabricación e instalación de toldos, pérgolas y una amplia variedad de estructuras y soluciones de protección solar para exteriores desde 1986. Ofrecen diseños a medida para jardines y terrazas, trabajando con diferentes materiales y elementos exteriores para proporcionar soluciones integrales. Se destacan por su enfoque en la alta calidad, durabilidad, innovación y sostenibilidad en todos sus proyectos, buscando mejorar la calidad de vida de sus clientes mediante productos que combinan tradición e innovación.",20230514,SUBIDO,,SÍ,BUENO, KIT DIGITAL 
Luminosos Hermanos Moreno,Xprinta Alhaurín de la Torre,Rotulación Básica,"Avenida de Las Américas 1, Nave 1-B, 29006, Alhaurín de la Torre, Malaga","Xprinta Alhaurín de la Torre es una empresa de Málaga especializada en la fabricación de productos de señalización y publicidad, tales como letras corpóreas, neón, rotulación de vehículos, vinilos, tótems, monopostes y vallas publicitarias. Utilizan maquinaria de última generación y materiales de alta calidad como aluminio, PVC, metacrilato, dibond, neón, LED y acero. Además, ofrecen un servicio nacional y asesoramiento para la mejora de la imagen corporativa.",NO HAY,NO HAY,NO HAY,SÍ,REGULAR,DISEÑO Y CONTENIDO MUY BASICO
Tvinilo,Xprinta Alicante,Rotulación Básica,"Calle Mistral 145, Polígono industrial Plá de la Vallonga, 03006 Alicante","Xprinta Alicante es una empresa joven con más de 15 años de experiencia en el sector del PLV y la imagen corporativa. Ofrece servicios completos de diseño, fabricación e instalación de materiales gráficos y publicitarios, como vinilos, lonas y carteles. Su equipo está preparado para desplazarse hasta la empresa del cliente y proporcionar soluciones adaptadas a sus necesidades.",20221588 20230398 20231023 ,SUBIDO,,SÍ,MALO,WEB CAÍDA
ROTYLUX,Xprinta Almendralejo,Rotulación Básica,"C. Tomás Bote Romero, 4, 06200   Almendralejo, Badajoz","Xprinta Almendralejo es una empresa activa desde 1987, especializada en artes gráficas y dedicada a ofrecer servicios de rotulación. Se enfoca en proporcionar soluciones de alta calidad, creativas y comprometidas con sus clientes. Trabajan con los mejores materiales y siguen las últimas tendencias y diseños para garantizar soluciones personalizadas que satisfagan las necesidades específicas de cada proyecto.",20221380 20230548,SUBIDO,,Sí ,REGULAR,DISEÑO Y CONTENIDO MUY BASICO
Surneon,Xprinta Almería,Implantación corporativa,"C. Mármoles, 25, 04007, Almería","Xprinta Almería, una empresa especializada en rótulos e imagen corporativa, ofrece servicios completos de diseño, fabricación, instalación y mantenimiento de elementos publicitarios. Destaca por su enfoque en soluciones creativas, utilizando materiales de alta calidad y tecnología avanzada. Su reputación en el sector se basa en la confianza de las empresas y en la profesionalidad de su equipo, que constantemente busca mejorar para ofrecer soluciones a medida en rotulación, impresión digital, rótulos luminosos y más, para aumentar la visibilidad de sus clientes en el mercado.",20232070,SUBIDO,,SÍ,BUENO,
HUELLAS ROTULACIÓN,Xprinta Alzira,Rotulación Básica,"Av. de la Democrácia, 50, 46600 Alzira, València","Xprinta Alzira se especializa en diseñar, fabricar, instalar y mantener rótulos y decoraciones. Utilizando una amplia variedad de técnicas como la impresión digital, el corte de vinilo y la pintura, trabajan con diversos materiales. Ofrecen servicios que van desde la decoración de fachadas hasta la rotulación y decoración de vehículos. Se distinguen por su capacidad para adaptarse a las necesidades del cliente y su compromiso inquebrantable con la calidad en cada proyecto que emprenden.",20221464,,SUBIDO,SÍ,BUENO,
Rótulos- Studio,Xprinta Ambroz,Rotulación Básica,"Camino de San Antón, 18102, Ambroz, Granada","Xprinta Ambroz ofrece servicios completos en el ámbito de las artes gráficas, incluyendo diseño gráfico, rotulación exterior e interior, impresión digital y de gran formato, y fabricación de pantallas LED. Se especializan en proporcionar soluciones personalizadas para mejorar la imagen y comunicación visual de negocios, abarcando desde el diseño de logotipos hasta la creación de stands para ferias y eventos.",20230392 20230313 20230392 20231310 20231295,SUBIDO,,SÍ,BUENO,
Rótulos Navarro,Xprinta Andújar,Rotulación Básica,"Calle Mecánicos, 1, 23740, Andújar, Jaén","Xprinta Andújar ofrece un servicio completo en el área de rotulación y publicidad visual. Esto incluye mantenimiento de rótulos, fotomontaje para previsualización, banco propio de imágenes de alta resolución, rotulación de vehículos con servicio de recogida y entrega, impresión digital y decoración de paredes con una variedad de materiales, además de la fabricación de rótulos luminosos y corpóreos con iluminación LED de última generación. Se destacan por su atención al detalle y personalización de servicios.",20221056,SUBIDO,,SÍ,BUENO,
Rótulos Palma,Xprinta Arcos de la Frontera,Rotulación Básica,"Pol. In. El Peral C/ Galileo Galilei, 10, 11630, Arcos de la Frontera, Cádiz","Xprinta Arcos de la Frontera, activa desde 1995, se especializa en la fabricación y diseño de una amplia gama de soluciones de rotulación y publicidad en Arcos de la Frontera. Esto incluye rótulos luminosos, banderolas, neones, LEDs, cartelerías, vallas publicitarias y rotulación de vehículos. Ofrecen soluciones personalizadas para cualquier sector publicitario, destacando por su capacidad para adaptarse a las necesidades específicas de cada cliente y proyecto.",20221252 20221260,SUBIDO,,SÍ,BUENO,
Interotulos,Xprinta Arona 1,Implantación corporativa,"Av guaza, 63, 38626, Arona, Tenerife","Xprinta Arona 1 se especializa en el diseño, producción, instalación y mantenimiento de rótulos y decoraciones, empleando una variedad de técnicas como la impresión digital, el corte de vinilo y la pintura, aplicadas sobre diversos materiales. Su catálogo de servicios incluye desde la decoración de fachadas hasta la rotulación y decoración de vehículos. Se distinguen por su capacidad para adaptarse a las necesidades específicas de cada cliente y por su compromiso absoluto con la excelencia en calidad.",20221512 20230124 20230219 20221446 20230311 20230798,SUBIDO,,NO,,
MM Toldos,Xprinta Arona 2,Protección Solar,"Calle Sta. Isabel, 13, 38627 Arona, Santa Cruz de Tenerife","Xprinta Arona se dedica a la fabricación, reparación y venta de toldos, pérgolas, capotas y soluciones para balcones, terrazas y otros espacios exteriores. Ofrecen servicios personalizados para adaptarse a las necesidades específicas de cada cliente, desde la instalación a medida hasta el mantenimiento y la garantía de sus productos. Con un enfoque en la calidad y la satisfacción del cliente, la empresa brinda asesoramiento y soluciones a medida para cada proyecto.",20230450,SUBIDO,,SÍ,regular,DISEÑO POCO ESTÉTICO
Socriluz,Xprinta Avintes,Implantación corporativa,"R. da Cancela Velha 76, 4430-660 Avintes, Portugal","Xprinta Avintes es una empresa con más de 30 años de experiencia en la producción y montaje de rotulos luminosos y publicidad estática. Reconocidos por su apuesta por la mejora continua y la innovación, ofrecen una amplia gama de soluciones publicitarias, desde tecnología LED hasta el clásico neón. Comprometidos con la calidad y la satisfacción del cliente, también proporcionan servicios adicionales.",NO TENGO DATOS DE ESTA EMPRESA,NO HAY,NO HAY,SÍ,REGULAR,DISEÑO Y CONTENIDO MEJORABLE
Disegraff,Xprinta Azuaga,Rotulación Básica,"Calle Teniente Coronel Prieto Molina, 73, 06920 Azuaga, Badajoz","Xprinta Azuaga se dedica a fabricar y montar rótulos luminosos, vallas publicitarias y una amplia variedad de soportes publicitarios adaptados a las necesidades específicas de los clientes. Con un enfoque en la calidad y la eficacia, garantiza soluciones personalizadas que realzan la presencia y el impacto visual de las marcas en el mercado. Su equipo de profesionales utiliza tecnología avanzada y técnicas innovadoras para ofrecer resultados excepcionales, asegurando la satisfacción completa en cada proyecto en Azuaga, Badajoz.",20230738,SUBIDO,,SÍ,MALO,CARECE DE FOOTER                                                    DISEÑO POCO ESTÉTICO                                    APENAS TIENE CONTENIDO ESCRITO O IMÁGENES
ROTUDEBA - RÓTULOS DE BARNETO,Xprinta Badajoz 1,Rotulación Básica,"C. Nevero Trece, 27, 06006,  Badajoz","Xprinta Badajoz es una empresa líder en rotulación, publicidad e imagen corporativa, con una experiencia desde 1999. Ofrece servicios integrales adaptados a las necesidades de cada cliente en diversos sectores económicos en España y Portugal. Comprometidos con la calidad y la satisfacción del cliente, garantizan resultados excepcionales en cada proyecto.",20220495 20220667,SUBIDO,,SÍ,BUENO,
Rotuserena,Xprinta Badajoz 2,Rotulación Básica,"C/ Cuesta de los Tejares S/N, 06427 Monterrubio de la Serena, Badajoz","Xprinta Badajoz 2 se especializa en diseñar, fabricar, instalar y mantener rótulos y decoraciones. Utilizando una amplia variedad de técnicas como la impresión digital, el corte de vinilo y la pintura, trabajan con diversos materiales. Ofrecen servicios que van desde la decoración de fachadas hasta la rotulación y decoración de vehículos. Se distinguen por su capacidad para adaptarse a las necesidades del cliente y su compromiso inquebrantable con la calidad en cada proyecto que emprenden.",20221256,,SUBIDO,NO,,
Tapiceria Hermanos Salgado,Xprinta Badajoz 3,Protección Solar,"C. Fray Luis de Granada, 20, BAJO, 06008 Badajoz","Xprinta Badajoz 3 se dedica a la fabricación e instalación de toldos, persianas, cortinas y mosquiteras, brindando soluciones para proteger contra el sol, el viento y la lluvia, así como para preservar la privacidad en espacios exteriores. Su enfoque principal es asegurar la satisfacción de los clientes a través de productos de primera calidad, respaldados por un equipo experto y tecnología de vanguardia.",20221466,SUBIDO,,NO,,
Capeiger - Montajes altura,Xprinta Barcelona 1,Rotulación Básica,"Calle Pons, 12, 8016, Barcelona","Xprinta Barcelona se especializa en la rotulación de edificios, ofreciendo también una amplia gama de servicios que incluyen trabajos en altura y trabajos verticales. Su equipo profesional está capacitado para realizar instalaciones complejas, garantizando soluciones efectivas y seguras para cada proyecto. Con un enfoque en la calidad y la satisfacción del cliente, Xprinta Barcelona se posiciona como un referente en el sector de la rotulación, adaptándose a las necesidades específicas de cada cliente para ofrecer resultados de alta calidad.",20220867 20221215 ,SUBIDO,,SÍ,REGULAR,CARGA  LENTO                                                           DISEÑO POCO ESTÉTICO                                      CONTENIDO POCO ACTUALIZADO
Xavi Sants estudio,Xprinta Barcelona 2,Rotulación Básica,Barcelona,"Xprinta Barcelona 2 se especializa en el diseño, fabricación, instalación y mantenimiento de rótulos y decoraciones. Con una amplia gama de técnicas, como la impresión digital, el corte de vinilo y la pintura, trabajan sobre diversos materiales. Ofrecen servicios que van desde la decoración de fachadas hasta la rotulación y decoración de vehículos. Se destacan por su capacidad de adaptación a las necesidades del cliente y su compromiso firme con la calidad en cada proyecto.",20220084/20220915/20220826/20221492,,SUBIDO,SI,REGULAR,DISEÑO POCO ESTÉTICO
Arco Montajes,Xprinta Basauri,Rotulación Básica,"Calle Lainomendi Kalea, 33, 48160, Basauri, Bizkaia","Xprinta Basauri se distingue por la calidad técnica de su equipo y su amplia experiencia, convirtiéndose en el colaborador ideal para proyectos de rotulación. Están abiertos a todas las sugerencias de sus clientes, y su departamento de diseño se esfuerza al máximo para asegurar que el trabajo realizado cumpla con las expectativas y preferencias de cada cliente.",20230181 20230564,SUBIDO,,NO,,
Rótulos Daniel,Xprinta Beniaján,Implantación corporativa,"Av. del Palmar, 63, 30570, Beniaján, Murcia","Xprinta Beniaján es una empresa con más de 30 años de experiencia en el mundo del diseño gráfico y de la rotulación. Se encuentran en constante crecimiento, contando con un equipo profesional y la última tecnología, lo que les permite ofrecer a sus clientes la máxima calidad, mejor servicio y los mejores precios. Abordan todo tipo de soluciones sin intermediarios, ofreciendo a sus clientes desde rotulación con vinilo, impresión digital, letras PVC, carteles luminosos y placas grabadas.",20221287 20230281 20230190 20230799 20230649 20230855 20230912 20231175 REMAX MURCIA,SUBIDO,,NO,,
Rótulos Bayarrí,Xprinta Benicarló,Rotulación Básica,"Pl. Mestres de Montesa, 25, 12580, Benicarlo, Castellón","Xprinta Benicarló ofrece una variedad de servicios que van desde la rotulación de camisetas hasta la creación de vallas publicitarias. Se comprometen a escuchar las ideas de sus clientes y plasmarlas en el tipo de artículo deseado. Puedes visitar su tienda ubicada en la calle mencionada, donde estarán encantados de proporcionar presupuestos sin compromiso.","PETRONAS, INTERHOME PEÑISCOLA",SUBIDO,,SÍ,REGULAR,DISEÑO POCO ESTÉTICO
Rótulos Bia,Xprinta Berrioplano,Rotulación Básica,"Polígono Iturgaiz, 3-5, 31195 Berrioplano, Navarra","Xprinta Berrioplano se dedica al diseño, fabricación y montaje de rotulación en Pamplona y Navarra para diversos negocios. Muestran una amplia variedad de trabajos realizados por grupos para facilitar la elección del producto que necesitas.",20201851 20210886 20210464 20210328 20210320,SUBIDO,,SÍ,BUENA,
Rótulos Bizkaia,Xprinta Bilbao,Rotulación Básica,"Calle Masustegui de Begoña, 4, 48006, Bilbao, Vizcaya","Xprinta Bilbao se encarga de todo para que tú te centres en tu negocio. Ofrecen comodidad y tranquilidad al cliente, brindando asesoría, presupuesto claro con fotomontaje del diseño final en tu negocio, fabricación con la más alta calidad y rapidez en la entrega, e instalación con garantía de una instalación perfecta.",20210468,SUBIDO,,SÍ,BUENA,
Rótulos Bimenes,Xprinta Bimenes,Rotulación Básica,"Santagadía 8, 33528, Bimenes, Asturias","Xprinta Bimenes, una empresa asturiana con más de 25 años de experiencia, está especializada en la creación e instalación de rótulos luminosos, letras corpóreas y otros elementos de señalización y publicidad. Ofrecen un servicio integral que incluye diseño, fabricación e instalación, adaptándose a las necesidades específicas de cada cliente.",20221626 20221627 20221628,SUBIDO,,SÍ,BUENA,
Uno Publicidad,Xprinta Burgos,Rotulación Básica,"Calle José María Codón 49, bajo, 9007, Burgos","Xprinta Burgos, una empresa comprometida y apasionada por su trabajo, se esfuerza por ofrecer soluciones personalizadas para cada cliente. Desde la primera visita hasta la entrega del proyecto, pasando por el diseño, mejoras y servicio posventa, se dedican a garantizar la satisfacción del cliente en cada paso del proceso. Sus servicios incluyen rotulación, diseño gráfico, desarrollo web, tienda online de productos textiles y catálogos tanto de regalos de empresa como de productos en general.",20210958,SUBIDO,,SI,BUENA,
ROTULEX - ROTULOS EXTREMADURA,Xprinta Cáceres,Rotulación Básica,"Calle Hermanos Lumíére, 27, 10004 Cáceres","Xprinta Cáceres ofrece asesoramiento técnico y profesional para empresas y negocios, agencias de publicidad, estudios de arquitectura, departamentos de retail y franquiciados.",20230191,SUBIDO,,SI,BUENA,
Rótulos Sáez,Xprinta Cartagena,Rotulación Básica,"Calle Castellón, nº15, 30310 Cartagena, Murcia","Xprinta Cartagena se dedica al diseño, producción, instalación y mantenimiento de rótulos y decoraciones. Utilizan una variedad de técnicas como impresión digital, corte de vinilo y pintura, sobre diversos materiales. Ofrecen desde decoración de fachadas hasta rotulación y decoración de vehículos, destacando por su adaptabilidad a las necesidades del cliente y su compromiso con la calidad.",20231092 EL CLIENTE NO DEJO MONTAR,NO HAY FOTOS,NO HAY,SÍ,REGULAR,CONTENIDO ESCASO Y DISEÑO POCO ESTÉTICO
Rótulos 45 Grados,Xprinta Castelldefels,Rotulación Básica,"Carrer Major, 74, 08860 Castelldefels, Barcelona","Xprinta Castelldefels, brinda soporte publicitario a particulares y empresas. Con técnicas innovadoras y más de 15 años de experiencia, se adaptan a las necesidades específicas de cada proyecto, ofreciendo calidad a precios competitivos.",20230479 20230402 20230564 20230835 20230986 20231011,SUBIDO,,SÍ,MALA,APENAS TIENE CONTENIDO  Y DISEÑO POCO FUNCIONAL 
Rótulos Blanco,Xprinta Castellón ,Rotulación Básica,"C. Zorita, 4, 12006 Castellón de la Plana, Castellón","Xprinta Castellón de la Plana, se especializa en impresión digital y otros servicios de rotulación, como letras corpóreas y laminados. Con una herencia en el arte de la rotulación a mano, la empresa también ha desarrollado habilidades en pintura decorativa y artes gráficas. Su enfoque está en ofrecer un servicio personalizado y de alta calidad, buscando siempre la satisfacción del cliente y brindando soluciones óptimas para cada proyecto.",20221298 20221370 20221225 20230332 20220975 20230652,SUBIDO,,SI,BUENA,
Rótulos El Pincel,Xprinta Chiclana de la Frontera,Implantación corporativa,"Avda Diputacion, esquina C/ Granza, local 1, 11130 Chiclana de la Frontera, Cádiz","Xprinta Chiclana de la Frontera cuenta con 30 años de experiencia en el mundo de la rotulación, establecida en 1990. Adaptándose continuamente a las últimas tendencias y tecnologías, la empresa se esfuerza por ofrecer productos y servicios de calidad. Con un taller de producción propio y un local comercial que también sirve como exposición, cuentan con un equipo humano dedicado a cada proyecto. Ofrecen una amplia gama de productos expuestos y están equipados para proyectos de medianas y grandes dimensiones, con un enfoque en la calidad en todas las etapas, desde el diseño hasta el montaje.",20230312,SUBIDO,,SÍ,BUENA,
Atipiko Montajes,Xprinta Chilches,Rotulación Básica,"Calle Victoria, 19, Distrito Centro, 29012, Chilches, Malaga","Xprinta Chilches proporciona servicios integrales de diseño, fabricación y montaje para satisfacer las necesidades de señalización y publicidad. Ofrece a sus clientes la posibilidad de obtener una medición y presupuesto personalizados, permitiéndoles elegir entre una amplia variedad de opciones que incluyen rótulos, vinilos, iluminación LED, y más, asegurando soluciones a medida para cada proyecto.",20221488 20221500 20230158 20230363 20230950,SUBIDO,,NO,,
Rotulos J&M,Xprinta Chozas de Canales,Rotulación Básica,"Calle Granada, 57, 45960 Chozas de Canales, Toledo","Xprinta  Chozas de Canales se especializa en el diseño, producción, instalación y mantenimiento de rótulos y decoraciones. Empleando una amplia variedad de técnicas, como la impresión digital, el corte de vinilo y la pintura, trabajan con diversos materiales. Su catálogo de servicios abarca desde la decoración de fachadas hasta la rotulación y decoración de vehículos. Se distinguen por su capacidad de adaptación a las necesidades del cliente y su firme compromiso con la calidad en cada proyecto que emprenden.",,NO HAY NADA,NO HAY ,SI,BUENA,
Rótulos Larios,Xprinta Churriana de la Vega,Rotulación Básica,"Calle Málaga, 15, 18194 Churriana de la Vega, Granada","Xprinta Churriana de la Vega se caracteriza por sus valores, utilizando siempre materiales de primera calidad como la única forma de garantizar un rótulo espectacular y duradero en el tiempo. Con una experiencia de más de 40 años en la Provincia de Granada, transmiten de generación en generación los mismos valores y filosofía de trabajo, centrados en la garantía y calidad.",20231279/20210689,,SUBIDO,SI,BUENA,
Impresiona Rotulación,Xprinta Ciudad Real,Rotulación Básica,"Calle Isaac Peral, 140.  13005, Ciudad Real","Xprinta Ciudad Real se especializa en servicios integrales de diseño, fabricación y montaje de imagen corporativa y rotulación. Su enfoque adaptativo a las diversas necesidades empresariales, sin importar el tamaño de la empresa, permite reflejar fielmente los valores y la esencia de cada marca utilizando materiales de calidad y técnicas innovadoras. Destacan por su compromiso con el cliente, guiando cada proyecto desde la conceptualización de la idea hasta su realización final, garantizando así satisfacción y profesionalismo en todo el proceso.",NO TENGO CONSTACIA DE QUE HABER TRABAJADO CON ELLOS,NO HAY,NO HAY ,SI,BUENA,
Luminosos Aras,Xprinta Córdoba,Implantación corporativa,"Av Virgen de Las Angustias, 14, 14006, Córdoba","Xprinta Córdoba, una empresa familiar fundada en 1951 dedicada a la fabricación de rótulos luminosos, ha evolucionado continuamente. En 1969, se instaló en una nueva planta de 3.600 m2. Reconocida por su innovación y tecnología avanzada, ha ganado la confianza de importantes empresas nacionales y multinacionales. Su producción refleja maestría y dedicación, combinando técnicas contemporáneas con la tradición artesanal.",20221520 20221445 20221641 20231294 ,SUBIDO,,SI,BUENA,KIT DIGITAL 
Prisma,Xprinta Donostia,Rotulación Básica,"Errenteria Kalea, 3, 20013 Donostia, Gipuzkoa","Xprinta Donostia es una agencia consultora con más de 20 años de experiencia en Tecnologías de la Información y la Comunicación. Con miles de proyectos realizados, su equipo multidisciplinar cubre todas las necesidades de Comunicación Multicanal. Se basan en la participación activa de sus clientes para definir sus necesidades y ofrecer soluciones adaptadas a sus objetivos estratégicos.",20210326,SUBIDO,,SI,BUENA,
Serveis Industrials Tarraco 2019,Xprinta El Catllar,Rotulación Básica,"Carrer del Ponent, 4, 43764 El Catllar, Tarragona","Xprinta El Catllar se destaca por su calidad en el servicio, precisión en el trabajo y capacidad para adaptarse a una variedad de proyectos. Con años de experiencia y seriedad en su labor, ofrecen precios competitivos y un proceso integral para satisfacer las necesidades de sus clientes. Desde la planificación hasta los acabados finales, se ocupan de todo con un seguimiento continuo para garantizar la máxima satisfacción del cliente.",20231037 20231487,SUBIDO,,SI,MALA,DISEÑO POCO ESTÉTICO FALTA DE CONTENIDO 
Deneon,Xprinta El Vendrell,Rotulación Básica,"POL. IND. La Cometa, Carrer dels Carboners, 45, 43700, El Vendrell, Tarragona","Xprinta El Vendrell está dedicada al diseño, montaje y fabricación de rótulos luminosos e impresión digital. Con un enfoque en la calidad y la innovación, ofrece soluciones a medida para cada proyecto, asegurando resultados que no solo cumplen sino que superan las expectativas de sus clientes. Su equipo de profesionales utiliza tecnología de punta para garantizar la eficacia y durabilidad de cada rótulo e impresión, posicionándose como un referente en el sector en El Vendrell, Tarragona.",20230228 20230514 20230473 20230333 20230693 20230228 20230835,SUBIDO,,SI,BUENO,
Toperal,Xprinta Ensanche,Protección Solar,"C. de Calabria, 278, Eixample, 08029 Barcelona","Xprinta Ensanche se especializa en la fabricación e instalación de toldos, capotas y estructuras fijas. Se ha consolidado como un referente en el ámbito de los toldos, así como en la comunicación visual y la publicidad. Ofrecen un servicio integral que abarca desde la impresión hasta el montaje, sin necesidad de subcontratar servicios, asegurando así un proceso completo y de alta calidad para sus clientes.",20221523 20221561 20230249,subido,,SI,BUENO,
Toldos Llopis,Xprinta Esplugues de Llobregat,Protección Solar,"Carrer de Laureà Miró, 266, 08950 Esplugues de Llobregat, Barcelona","Xprinta Esplugues de Llobregat se dedica a la fabricación e instalación de toldos, ventanas y persianas, así como a brindar servicios de reparación en estos productos. Con una amplia experiencia en el sector, se esfuerzan por ofrecer soluciones de alta calidad para satisfacer las necesidades de sus clientes.",20230832 20230849 20230848 20231017,subido,,SI,BUENO,
Reclalgarve,Xprinta Faro,Implantación corporativa,"R. Prof. Dr. Egas Moniz 20, 8005-276 Faro, Portugal","Xprinta Faro, fundada hace más de 30 años, comenzó su actividad en la producción de reclamos luminosos en una pequeña herrería. Con el tiempo, la empresa expandió su negocio al corte de acrílicos, plásticos, metales e impresión digital. En 2017, se produjo un cambio generacional, transfiriendo el liderazgo a la siguiente generación.",NO TENGO CONSTACIA DE QUE HABER TRABAJADO CON ELLOS,NO HAY,SUBIDO,SI,BUENO,
360graphics,Xprinta Fuerteventura,Rotulación Básica,"Calle Valencia,18, Puerto del Rosario,35600, Fuerteventura, Las Palmas.","Xprinta Fuerteventura es una empresa dedicada a ofrecer el mejor servicio de impresión a sus clientes. Con un enfoque en el crecimiento conjunto y la superación continua, su objetivo es proporcionar un servicio completo de impresión digital. Mantienen altos estándares de calidad, profesionalismo, atención personalizada y puntualidad en la entrega. Cuentan con un equipo altamente cualificado y tecnología innovadora para garantizar un servicio integral de alta calidad, respaldado por la confianza de sus clientes.",20230707,subido,,SI,BUENO,
Sav Rotulación,Xprinta Herencia,Rotulación Básica,"Calle Cooperativa, 4, 13640, Herencia, Ciudad Real","Xprinta Herencia se enfoca en el diseño, producción, instalación y mantenimiento de rótulos y decoraciones. Utilizando técnicas como la impresión digital, el corte de vinilo y la pintura, trabajan con una variedad de materiales. Su oferta de servicios incluye desde la decoración de fachadas hasta la rotulación y decoración de vehículos. Se destacan por su capacidad de adaptación a las necesidades del cliente y su compromiso con la calidad en cada proyecto realizado.",20230739 20221318 ,SUBIDO,,NO,,
Manuel López Torres,Xprinta Jaen 1,Rotulación Básica,Jaen,"Xprinta Jaen 1 se especializa en el diseño, fabricación, instalación y mantenimiento de rótulos y decoraciones. Con una amplia gama de técnicas, como la impresión digital, el corte de vinilo y la pintura, trabajan sobre diversos materiales. Ofrecen servicios que van desde la decoración de fachadas hasta la rotulación y decoración de vehículos. Se destacan por su capacidad de adaptación a las necesidades del cliente y su compromiso firme con la calidad en cada proyecto.",,NO HAY,NO HAY,NO,,
RÓTULOS UNIPUBLI,Xprinta Jaen 2 ,Rotulación Básica,"POL INDUSDRIAL LOS OLIVARES, C. Mancha Real, 26, 23009 Jaén","Xprinta Jaen 2 se enfoca en el diseño, producción, instalación y mantenimiento de rótulos y decoraciones. Utilizando técnicas como la impresión digital, el corte de vinilo y la pintura, trabajan con una variedad de materiales. Su oferta de servicios incluye desde la decoración de fachadas hasta la rotulación y decoración de vehículos. Se destacan por su capacidad de adaptación a las necesidades del cliente y su compromiso con la calidad en cada proyecto realizado.",20211298,SUBIDO,,SI,BUENO,
NORTEON,Xprinta La Coruña,Implantación corporativa,"Polígono Industrial de Bertoa, Rúa do Seixo, C22, n⁰2, 15100 La Coruña, A Coruña","Xprinta La Guardia de Jaén destaca en la rotulación y decoración de espacios. Su compromiso con la calidad y la innovación asegura resultados óptimos en cada proyecto, desde la rotulación de vehículos hasta la decoración de interiores.",20230921,SUBIDO,,SI,BUENO,KIT DIGITAL
Rotuara,Xprinta La Guardia de Jaén,Rotulación Básica,"Calle Doctor Fleming, 1, 23170, La Guardia De Jaén, Jaén","Xprinta la Guardia de Jaén  se especializa en el diseño, producción, instalación y mantenimiento de rótulos y decoraciones. Empleando una amplia variedad de técnicas, como la impresión digital, el corte de vinilo y la pintura, trabajan con diversos materiales. Su catálogo de servicios abarca desde la decoración de fachadas hasta la rotulación y decoración de vehículos. Se distinguen por su capacidad de adaptación a las necesidades del cliente y su firme compromiso con la calidad en cada proyecto que emprenden.",20220823 20220965,SUBIDO,,SI,REGULAR,"DESACTUALIZADA 
ESTETICAMENTE FEA
ENLACES RAROS AL INTERACTUAR CON LA WEB"
Arte Digital Jardines,Xprinta La Línea,Rotulación Básica,"Calle Jardines, 37, 11300, La Línea de la Concepción, Cádiz",Xprinta La Línea de la Concepción ofrece impresión de calidad para cualquier tipo de formato.,20221431 20221500 20230534 20231114,SUBIDO,,NO,,
Deza Publicidade,Xprinta Lalín,Rotulación Básica,"Pol. Ind. Lalín 2000 - parcela C4, 36500, Lalín, Pontevedra","Xprinta Lalín ofrece servicios personalizados de rotulación adaptados a las necesidades específicas de sus clientes. Se distingue por el uso de tecnología avanzada y la experiencia de su personal capacitado, garantizando resultados excepcionales y la máxima satisfacción en cada proyecto. Más allá de la serigrafía tradicional, proporciona una amplia gama de herramientas y orientación a lo largo de todo el proceso, con un equipo profundamente comprometido en satisfacer las demandas de impresión y rotulación de los clientes en Lalín, Pontevedra.",20221015,SUBIDO,,SI,BUENO ,KIT DIGITAL
LUMINOSOS IMAGEN,Xprinta Las Palmas de Gran Canaria 1,Rotulación Básica,"C. Atalaya, 10, 35010 Las Palmas de Gran Canaria, Las Palmas","Xprinta Las Palmas de Gran Canaria es una empresa especializada en proyectos de rotulación personalizados, que incluyen rótulos corpóreos, luminosos, rotulación de vehículos, en gran formato, expositores, displays, metacrilatos y señalización. Destacan por adaptar sus soluciones al entorno específico de cada cliente, utilizando materiales adecuados para maximizar la visibilidad y el impacto. Su enfoque se centra en lograr que los negocios de sus clientes sean fácilmente encontrables y memorables para el público objetivo.",20231408 20231412,SUBIDO,,SI,MALA,WEB CAIDA
Rotuislas,Xprinta Las Palmas de Gran Canaria 2,Rotulación Básica,"Calle Taibique, 3, 35259, Las Palmas de Gran Canaria","Xprinta Las Palmas de Gran Canaria trabaja diariamente para satisfacer las necesidades de sus clientes, evolucionando constantemente y adaptándose a los procesos de impresión modernos y ecológicos. Ofrecen un servicio completo de imagen, desde el diseño de la identidad corporativa hasta la instalación en el comercio, incluyendo escaparates, tarjetas de visita, rótulos luminosos y más. Su principal aval es la satisfacción de sus clientes.",20201427,SUBIDO,,SI ,BUENO ,KIT DIGITAL
Rotulaciones 4P,Xprinta Lliria,Rotulación Básica,"Carrer de la Coma, 1, 46160, Lliria, Valencia","Xprinta Lliria, equipo con amplia experiencia en rotulación, aplica la técnica del marketing mix de las 4 P's. Se adaptan constantemente al mercado para ofrecer las mejores opciones a sus clientes. Realizan un estudio detallado de cada caso y ofrecen un servicio integral de asesoramiento, fabricación y montaje.",20230572,SUBIDO,,SI,BUENO ,
Rotuprint,Xprinta Logroño,Rotulación Básica,"Calle Cantabria, 3, 26004, Logroño","Xprinta Logroño ofrece servicios gráficos integrales, que incluyen diseño, impresión digital y de gran formato, rotulación y luminosos. Especializados en la fabricación e instalación de rótulos, suministran elementos de comunicación visual publicitaria tanto para exteriores como interiores, vehículos y eventos. Comprometidos con la calidad, utilizan tecnología avanzada y proporcionan asesoramiento personalizado para garantizar soluciones efectivas y creativas adaptadas a las necesidades de cada cliente.",20210712 20210884 20210892,SUBIDO,,SI,REGULAR,TARDA MUCHO EN CARGAR
Huella Rótulos,Xprinta Lorca,Rotulación Básica,"Camino del cruce s/n 30817, La Torrecilla 30817 Lorca, Murcia","Xprinta Lorca se especializa en la fabricación e instalación de rótulos y señalización para empresas y negocios. Con su experiencia y tecnología de vanguardia, ofrecen soluciones integrales que abarcan desde rótulos luminosos hasta elementos de señalización interior y exterior. Su compromiso con la calidad y el servicio completo, que incluye diseño, fabricación, instalación y mantenimiento, asegura resultados excepcionales para cada cliente, destacándose por su capacidad para satisfacer las necesidades específicas de señalización y publicidad en Lorca, Murcia.",20221311 20221536 20221615 20230156 20230340 20230569 20231086,SUBIDO,,SI,BUENO ,
LÍNEA GRÁFICA RÓTULOS,Xprinta Lucena 1,Rotulación Básica,"Parque Empresarial Principe Felipe, C. Zaragoza, 9, 14900 Lucena, Córdoba","Xprinta Lucena ofrece una amplia gama de servicios de rotulación e impresión, que incluyen diseño de logotipos, identidad de marca, diseño de materiales impresos y publicidad digital. Están listos para transformar cualquier visión en una realidad visual impresionante.",20230028 20230822,SUBIDO,,SI,BUENO ,KIT DIGITAL
Labeling,Xprinta Lugo 1,Rotulación Básica,"Pol. As Gándaras, C/ Ramón María Aller Ulloa, 64, 27003, Lugo","Xprinta Lugo es una empresa líder en el sector de la rotulación, con más de 20 años de experiencia. Ofrece servicios integrales, desde el diseño hasta la instalación del producto, garantizando calidad y satisfacción del cliente en cada paso. Se distingue por su enfoque en la calidad, innovación y servicio.",20221589,SUBIDO,,SI,BUENO ,KIT DIGITAL
Vinilos Lugo,Xprinta Lugo 2,Rotulación Básica,Lugo,"Xprinta Lugo 2 se especializa en el diseño, producción, instalación y mantenimiento de rótulos y decoraciones. Utilizan una variedad de técnicas como impresión digital, corte de vinilo y pintura, sobre diversos materiales. Ofrecen desde decoración de fachadas hasta rotulación y decoración de vehículos, destacando por su adaptabilidad a las necesidades del cliente y su compromiso con la calidad.",20221589,SUBIDO,,NO,,
Framaluz,Xprinta Málaga,Implantación corporativa,"Calle Fidias, 19, 29004, Málaga","Xprinta Málaga se compromete a trabajar con los mejores materiales y las últimas tecnologías, garantizando a sus clientes resultados excepcionales. Su enfoque en la calidad y la innovación les permite ofrecer soluciones de rotulación avanzadas y personalizadas que cumplen con las expectativas más altas en Málaga.",20221267 20221366 20221449 20221280 20221284 20221282 20221283 20221285 20221281,SUBIDO,VODAFONE GIANTS 20210782 20210673  Y GRUCONSA 20221163,SI,BUENO,
Cebra Express,Xprinta Manises,Implantación corporativa,"Calle Constitución, 12, 46940, Manises, Valencia","Xprinta Manises se especializa en la señalización integral y en la mejora de la imagen exterior y gráfica de las empresas. Destaca como especialista en la fabricación e instalación de rótulos, ofreciendo soluciones a medida para cada cliente. Su enfoque se centra en proporcionar servicios de alta calidad que contribuyan a la visibilidad y el posicionamiento de las marcas en el mercado.",20221587 20221622 20221461 20221548 20221549 20221539 20230206 20230232 20230180 20230226,SUBIDO,IXIA 20211029,SI ,BUENO,
FACTORIA DEL RÈTOL,Xprinta Manresa 1,Rotulación Básica,"Ctra. de Vic, 160, 08243 Manresa, Barcelona","Xprinta Manresa se dedica a la creación, modificación y mejora de la imagen de empresas a través de diseños exclusivos y personalizados, especializándose en la rotulación. Con una filosofía centrada en entregar soluciones innovadoras y prácticas, su equipo combina habilidades gráficas y manuales para alcanzar resultados sobresalientes. Comprometidos con la calidad, trabajan con los mejores materiales y las últimas tecnologías, asegurando a sus clientes resultados excepcionales en Manresa, Barcelona.",20220679,SUBIDO,,SI,BUENO,
Visual Retols,Xprinta Manresa 2,Rotulación Básica,"Carrer de l’Alcalde Armengou, 50,  08242 Manresa, Barcelona","Xprinta Manresa 2 cuenta con más de treinta años de experiencia en el campo de la comunicación visual, destacándose por su excelencia y dedicación. Han perfeccionado el arte de asesorar a sus clientes en la selección y creación de su identidad corporativa, brindando una consulta personalizada que se adapta a las necesidades específicas de cada empresa. En Visual Retols, no solo ofrecen experiencia, sino también un servicio a medida que garantiza la satisfacción de sus clientes.",,NO HAY,NO HAY,SI,BUENO,KIT DIGITAL
Rotulos Intro 2,Xprinta Manzanares,Rotulación Básica,"Calle Molinos de Viento, 54, 13200 Manzanares, Ciudad Real","Xprinta Manzanares ofrece un servicio especializado en carteles y letreros, proporcionando soluciones de rotulación personalizadas para satisfacer las necesidades específicas de cada cliente. Con un enfoque en la calidad y la eficacia, aseguran que cada proyecto refleje de manera efectiva la imagen y los valores de la marca, utilizando técnicas y materiales de última generación para garantizar resultados duraderos y de alto impacto visual.",20220421 y  20221379,SUBIDO,,SI,REGULAR,ES UN WIX CUTRE
Rotuladora Andaluza,Xprinta Marchena,Rotulación Básica,"P.I. LA VENTILLA, C/ AGRICULTURA 1 A, 41620 Marchena, Sevilla",Xprinta Marchena cuenta con el mejor equipo de profesionales trabajando en el mundo de la rotulación desde 2003.,20221566 20221602,SUBIDO,SI,SI , REGULAR,MEJORABLE A TODOS LOS NIVELES
Grupo Indica,Xprinta Marratxí,Rotulación Básica,"Calle Conradors, 1ºC, Polígono Ind, 7141, Marratxí, Mallorca","Xprinta Marratxí, con más de 15 años de experiencia, se posiciona como empresa líder en el ámbito de la rotulación, especializándose en soluciones personalizadas para oficinas, espacios comerciales, hoteles y viviendas de alto standing. Trabajando tanto a nivel nacional como internacional, atienden a grandes corporaciones hoteleras y empresariales, ofreciendo un servicio integral que abarca desde el estudio inicial hasta la entrega del proyecto final. ",20220888,SUBIDO,,SI,BUENO,
Marcelo Print,Xprinta Masapalomas,Rotulación Básica,"C. Alcalde Enrique Jorge, 35100 Maspalomas, Las Palmas","Xprinta Masapalomas se especializa en el diseño, producción, instalación y mantenimiento de rótulos y decoraciones. Utilizan una variedad de técnicas como impresión digital, corte de vinilo y pintura, sobre diversos materiales. Ofrecen desde decoración de fachadas hasta rotulación y decoración de vehículos, destacando por su adaptabilidad a las necesidades del cliente y su compromiso con la calidad. ",20221365 20221364  20230401,SUBIDO,SI,NO,,
Sofd,Xprinta Mataró,Rotulación Básica,"Carrer de la Teixidora, 9, 08302 Mataró, Barcelona","Xprinta Mataró ofrece un servicio integral de rotulación y pintura decorativa, especializándose en la creación de elementos visuales para ferias, eventos y convenciones de empresa. Proporcionan soluciones de diseño y producción tanto para interiores como exteriores, incluyendo rótulos corpóreos, impresión de material textil personalizado y rotulación de vehículos. Se enfocan en reforzar la imagen de marca de sus clientes a través de un trato cercano y asesoramiento personalizado.",20221532 20230352 20230353 20230396 20230377,SUBIDO,SI,SI,BUENO,
Fermín Álvarez,Xprinta Mérida,Rotulación Básica,"Mérida, Badajoz, Extremadura","Xprinta Mérida se especializa en el diseño, producción, instalación y mantenimiento de rótulos y decoraciones, destacándose por su versatilidad en el uso de técnicas como impresión digital, corte de vinilo y pintura sobre una amplia gama de materiales. Su oferta abarca desde la decoración de fachadas hasta la rotulación y decoración de vehículos, resaltando por su capacidad de adaptación a las necesidades del cliente y su compromiso inquebrantable con la calidad.",20211260 20220302,SUBIDO,,NO,,
Rótulos Garrido,Xprinta Miajadas,Rotulación Básica,"Cáceres  Polígono Industrial Primero de Mayo, 10100, Miajadas, Cáceres","Xprinta Miajadas se especializa en el diseño, fabricación, instalación y mantenimiento de rótulos y decoraciones. Emplean diversas técnicas como impresión digital, corte de vinilo y pintura, sobre una amplia gama de materiales. Ofrecen servicios que van desde la decoración de fachadas hasta la rotulación y decoración de vehículos. Se distinguen por su capacidad para adaptarse a las necesidades del cliente y su compromiso con la calidad en todos sus proyectos.",20230975,SUBIDO,,NO,,
IMPRESION GRÁFICA,Xprinta Milladoiro,Rotulación Básica,"Rúa da Costa Grande, 2 Bj, 15895 Milladoiro, A Coruña","Xprinta Milladoiro, con su experiencia y pasión por la impresión, se especializa en ofrecer una amplia gama de productos de rotulación y publicidad. Desde tarjetas de visita hasta tecnología de soporte publicitario avanzada, garantizan calidad y precios justos, respaldados por un equipo altamente capacitado y maquinaria de última generación. Como empresa en constante expansión, están dedicados a optimizar y ampliar su oferta para satisfacer plenamente las necesidades de sus clientes en Milladoiro, A Coruña.",20230181,SUBIDO,SI,SI,BUENO,
ROTUGRAFIKA,Xprinta Moraleja,Rotulación Básica,"Pol. Ind. El Postuero, Calle Vega de los Majadales Parc. 30-16 10840 Moraleja","Xprinta Moraleja es una empresa experta en el diseño, producción, instalación y mantenimiento de rótulos y decoraciones. Utilizan diversas técnicas como impresión digital, corte de vinilo y pintura, aplicadas sobre una variedad de materiales. Su oferta de servicios abarca desde la decoración de fachadas hasta la rotulación y decoración de vehículos. Se destacan por su capacidad de adaptación a las necesidades del cliente y su compromiso inquebrantable con la calidad en cada proyecto que realizan.",,NO HAY,NO HAY,SI,REGULAR,MEJORABLE ESTETICAMENTE
B12,Xprinta Muriedas,Rotulación Básica,"Calle Los Coteros, 1º Bajo, 39600, Muriedas, Cantabria","Xprinta Muriedas se especializa en el diseño, producción, instalación y mantenimiento de rótulos y decoraciones. Utilizan una variedad de técnicas como impresión digital, corte de vinilo y pintura, sobre diversos materiales. Ofrecen desde decoración de fachadas hasta rotulación y decoración de vehículos, destacando por su adaptabilidad a las necesidades del cliente y su compromiso con la calidad. ",RIA SANTANDER 2021,SUBIDO,,SI,MALA,NO FUNCIONA
La Compañía Rotulera,Xprinta Navalmoral de la Mata,Rotulación Básica,"Calle Jorge Moro, 2, 10300, Navalmoral de la Mata, Cáceres","Xprinta Navalmoral de la Mata ofrece una amplia variedad de servicios, incluyendo la personalización de tazas, grabado de copas y vasos, textil personalizado, vinilo para rotulación, diseño gráfico, impresión en gran formato, rotulación de vehículos, rótulos y bandoleras, photocalls, Roll-Ups, placas y directorios, entre otros. Se especializa en soluciones creativas y personalizadas para empresas y eventos comerciales.",20210466,SUBIDO,,SI,MALA,NO FUNCIONA
Miguel Ángel Regidor,Xprinta Navalvillar de Pela,Rotulación Básica,Navalvillar de Pela,"Xprinta Navalvillar de Pela se especializa en el diseño, producción, instalación y mantenimiento de rótulos y decoraciones. Empleando una amplia variedad de técnicas, como la impresión digital, el corte de vinilo y la pintura, trabajan con diversos materiales. Su catálogo de servicios abarca desde la decoración de fachadas hasta la rotulación y decoración de vehículos. Se distinguen por su capacidad de adaptación a las necesidades del cliente y su firme compromiso con la calidad en cada proyecto que emprenden.",20210687,SUBIDO,,SI,MALA,LA EMPRESA SE LLAMA JIMENA PUBLICIDAD
Tecnofilm,Xprinta Nou Barris,Rotulación Básica,"Avinguda de Rio de Janeiro, 71, Nou Barris, 08016 Barcelona","Xprinta Nou Barris, es una empresa conformada por un equipo de profesionales especializados que brindan soluciones técnicamente avanzadas para mejorar la eficiencia energética y el confort en diversos espacios. Su enfoque principal radica en la aplicación de tratamientos innovadores en superficies acristaladas, incluyendo ventanas, puertas, claraboyas y muros cortina. Centrados en la transformación de áreas con deficiencias energéticas, su objetivo es crear entornos más eficientes y respetuosos con el medio ambiente. Esto se traduce en beneficios significativos tanto en términos de consumo energético como en el impacto ambiental.",DUGGAL APPLE,,NO HAY,SI,BUENO,
Neonarte,Xprinta O Cotiño,Implantación corporativa,"Est. Puxeiros-Mos, 61, 36417 O Cotiño, Pontevedra","Xprinta O Cotiño, especializada en la confección de rótulos de neón, la empresa ha evolucionado hacia el diseño de imagen corporativa. Con 30 años de experiencia y tecnología de última generación, ofrece soluciones a clientes de diversos sectores, confiando en su calidad y experiencia para la representación de sus empresas.",20221368 20230294 20230508,SUBIDO,SI,SI,BUENO,KIT DIGITAL
Anatex,Xprinta Ondara,Rotulación Básica,"Calle Vega Baixa, 12, 03760, Ondara,  Alicante","Xprinta Ondara lleva más de 35 años establecida en Ondara, ofreciendo un servicio de rotulación y diseño de alta calidad. Su moderna maquinaria de impresión es 100% ecológica, utiliza tintas látex que no contienen productos tóxicos y garantiza la mayor durabilidad de sus proyectos, respetando el medio ambiente.",20221548,SUBIDO,SI,SI,BUENO,
Luropal,Xprinta Palencia,Rotulación Básica,"C. de los Alfareros, 40, 34004, Palencia","Xprinta Palencia es una empresa especializada en luminosos y rótulos, con más de 25 años de experiencia. Debido a su constante crecimiento, abarca tanto el sector de la rotulación como el del metal, pudiendo por ello hacerse cargo de proyectos de gran envergadura de manera integral. Estudian siempre las necesidades de cada empresa para ajustarse tanto a sus necesidades de imagen, rotulación y visibilidad, como a su presupuesto.",20221601,SUBIDO,SI,SI ,BUENO,
JG Comunicación,Xprinta Palma de Mallorca 1,Implantación corporativa,"Carrer de Bolonya 1 bajo, local 4, 7011, Palma de Mallorca","Xprinta Palma de Mallorca es un equipo de profesionales especializados en la creación e implementación de imagen corporativa. Con una amplia experiencia y un enfoque en la constante innovación, se dedican a ofrecer resultados eficaces y rentables para sus clientes. Se comprometen a garantizar plazos de entrega y acabados de alta calidad en todos sus proyectos, asegurando que cada solución de rotulación refleje de manera efectiva y atractiva la identidad de cada marca.",NO NOS HAN MONTADO LE MONTAMOS NOSOTROS A EL,NO HAY,SUBIDO,SI,BUENO,
Rotulowcost,Xprinta Palma de Mallorca 2,Rotulación Básica,"Carrer de son Granada, 12, 7609, Palma de Mallorca","Xprinta Palma de Mallorca ofrece una amplia gama de soluciones de rotulación y publicidad visual, incluyendo rótulos luminosos, banderolas, letras corpóreas, impresión digital y decoración con vinilos. Se especializan en proporcionar productos a bajo costo sin sacrificar la calidad, dirigidos a una amplia variedad de aplicaciones comerciales y personales. Su enfoque está en facilitar el acceso a soluciones efectivas y económicas para mejorar la visibilidad de negocios y eventos.",,SUBIDO,,SI ,BUENO,
Toldos Salva,Xprinta Palmeres ,Protección Solar,"Carrer de la Malva, 11, 07609 Palmeres (les), Illes Balears","Xprinta Palmeres se especializa en la fabricación e instalación de toldos, persianas, cortinas y mosquiteras, brindando soluciones para proteger del sol, viento y lluvia, además de garantizar la privacidad en espacios exteriores. Su principal enfoque es asegurar la plena satisfacción de sus clientes mediante productos de alta calidad, respaldados por un equipo experto y el uso de tecnología avanzada.",20230641,SUBIDO,,NO,,
DARMA ROTULACION,Xprinta Cuenca,Rotulación Básica,"Calle Cubillo, 101, 16004, Cuenca","Xprinta Cuenca se especializa en proporcionar soluciones integrales en diseño, producción, instalación y mantenimiento de rótulos y decoraciones. Con un enfoque centrado en la excelencia, utilizan una variedad de técnicas avanzadas como impresión digital, corte de vinilo y pintura para trabajar en diversos materiales.",20221320,SUBIDO,SI,No,-,-
Tecnografía,Xprinta Pontevedra,Rotulación Básica,"Calle Marcón, 18, 36158, Pontevedra","Xprinta Pontevedra se especializa en la fabricación e instalación de rótulos corporativos y publicitarios para cualquier negocio. Utiliza materiales de alta calidad como el vinilo, metacrilato y PVC, y ofrece una amplia variedad de productos, incluyendo letras corpóreas, vinilos decorativos y rotulación de vehículos. Se compromete a mejorar la imagen corporativa de sus clientes, asesorándolos en diseño y ofreciendo soluciones personalizadas para destacar su marca.",20230253 20221625 20230253 20230653 20230949,SUBIDO,SI,sí,Buena ,no hay CTA Falta de newsletter
Publimag,Xprinta Priego de Córdoba,Rotulación Básica,"C. Arroyo, 8, 14800, Priego de Córdoba, Cordoba","Xprinta Priego de Córdoba ofrece productos y servicios de calidad desde 1996, destacando en serigrafía, tampografía, transfer, sublimación y vinilo. También brindan soluciones publicitarias para empresas, con una amplia gama de artículos promocionales y material impreso.",20211586,SUBIDO,,SI,Regular ,Esteticamente mala Página de cuenta no funciona 
Rótulos Mastik,Xprinta Puente Genil,Rotulación Básica,"Calle Panaderos, 10, 14500, Puente Genil, Córdoba","Xprinta Puente Genil se especializa en el desarrollo de la imagen corporativa a través de servicios de rotulación y publicidad visual. Ofrecen diseño y producción de rótulos, vinilos decorativos, señalización y otros productos para mejorar la presencia de marca de sus clientes en diversos espacios y vehículos. Su enfoque está en crear soluciones creativas y efectivas que se adaptan a las necesidades específicas de cada proyecto.",20220994,SUBIDO,,Si,Buena ,falta de iconos en el footer 
ROTUGRAFIKA,Xprinta Quintana de la Serena,Rotulación Básica,"Pol Ind El Egido 18, Nave 2. 06450 Quintana de la Serena, Badajoz","Xprinta Quintana de la Serena es una empresa joven con sede en Extremadura, especializada en la fabricación de rótulos, luminosos, diseño gráfico, productos publicitarios y papelería. Su enfoque principal es garantizar la satisfacción del cliente, ofreciendo maquinaria de calidad, experiencia y un equipo humano dedicado para lograr resultados óptimos en el menor tiempo y al mejor precio. El compromiso de entrega puntual es fundamental para la empresa.",,NO HAY,SUBIDO,Sí ,Buena ,
Rótulos Alarcon,Xprinta Requena,Rotulación Básica,"Calle Constitución, 50, 46340, Requena, Valencia","Xprinta Requena es una empresa líder en implementar tecnologías avanzadas y ofrecer alta calidad en productos y servicios de pintura profesional. Además, son distribuidores oficiales de Pinturas Montó, reconocida como una primera marca en el sector.",20221244,SUBIDO,,Sí,Malo,Sólo cuenta con una página en la web
Rótulos Salamanca,Xprinta Salamanca,Implantación corporativa,"Calle Guadalquivir, 24 Pol. Ind, Ctra. Zamora, 37184 Salamanca","Xprinta Salamanca es la empresa líder en el sector de diseño, producción, instalación y mantenimiento de rótulos y decoraciones. Con una amplia experiencia y utilizando las últimas tecnologías como impresión digital, corte de vinilo y pintura, ofrecen soluciones creativas y de alta calidad.",20220904 20231333,SUBIDO,SI,,,
Rótulos Richard,Xprinta San Andrés del Rabanedo,Rotulación Básica,"Ctra Alfageme, 32, 24010, San Andrés del Rabanedo, León","Xprinta San Andrés del Rabanedo se dedica a proporcionar un servicio completo de rotulación en León para negocios, manejando desde el diseño hasta la instalación de la imagen corporativa sin subcontratar servicios. Con más de 50 años de experiencia, ofrecen precios ajustados y tiempos de entrega reducidos, asegurando que los trabajos se alinean con la imagen de marca de sus clientes. Además, presentan bocetos por ordenador de las rotulaciones para garantizar la satisfacción del cliente antes de proceder.",20230464 20231468 20211681 20210715,SUBIDO,,Sí ,Bueno ,
FRESADO CNC,Xprinta San Javier,Rotulación Básica,"Calle Embalse de Talave, 24, 30730, San Javier, Murcia","Xprinta San Javier se ha consolidado como una empresa de rotulación profesional con más de una década de experiencia. Con el objetivo de convertirse en el aliado de confianza para los creativos del mundo de la publicidad, incluyendo rotulistas, decoradores y diseñadores. Su lema es claro: ""Imagina, nosotros fabricamos"", reflejando su compromiso de materializar las ideas de sus clientes con calidad y precisión.",,NO HAY,SUBIDO,https://fresadocnc.es/,bueno ,
Rótulos Mancilla,Xprinta San Pedro Alcántara 1,Rotulación Básica,"Sta. Lucía, 21, Local 1, 29670 San Pedro Alcántara, Málaga","Xprinta San Pedro Alcántara ofrece servicios de rotulación, diseño gráfico e imprenta. Con más de 50 años de experiencia, se especializan en la creación de rótulos luminosos, corpóreos, neonled, fachadas, vallas publicitarias y rotulación de vehículos. Destacan por su personalización total, calidad y compromiso con la satisfacción del cliente, adaptándose a cualquier petición para reflejar la identidad específica de cada marca.",20221237 20221162 20231113 ,SUBIDO,SI,Sí https://rotulosmancilla.com/,,
Toldos Tapia,Xprinta San Pedro de Alcántara 2,Protección Solar,"Calle Eslovaquia 22, Polígono Industrial San Pedro 29670, San Pedro de Alcantara, Marbella","Xprinta San Pedro de Alcántara se especializa en la fabricación e instalación de toldos, persianas, cortinas y mosquiteras, ofreciendo soluciones para proteger del sol, viento y lluvia, además de preservar la intimidad en espacios exteriores. Se enfoca en garantizar la satisfacción de sus clientes mediante productos de alta calidad, apoyados por un equipo cualificado y tecnología avanzada.",,NO HAY,SUBIDO,Sí https://www.toldostapia.com/,Bueno ,
VISUALEG,Xprinta Sanlúcar de Barrameda 1,Rotulación Básica,"Crta. del Puerto, KM1 Pago San Sebastián, 11540, Sanlúcar de Barrameda, Cádiz","Xprinta Sanlúcar de Barrameda ofrece una gama completa de servicios publicitarios, desde la producción de cartelería de alta calidad para empresas y locales comerciales hasta servicios especializados en diseño gráfico para mejorar la imagen de marca. Además, proporcionan soluciones de gran formato y rotulación para aumentar la visibilidad. Con tecnología de vanguardia, realizan impresiones digitales tanto en sistemas de Imprenta Digital como Offset. También se especializan en la fabricación de rótulos personalizados utilizando materiales premium, garantizando un acabado duradero y exclusivo para cada proyecto.",NUNCA SE LLEGO A MONTAR NADA,NO HAY,SUBIDO,Sí https://visualeg.com/,Bueno ,
DEBERGRAFICS,Xprinta Sant Joan Despí,Rotulación Básica,"Carrer del Tibidabo, 10, 08970 Sant Joan Despí, Barcelona","Xprinta Sant Joan Despí es la opción ideal si estás buscando servicios de rotulación en Sant Joan Despí, Barcelona o el área metropolitana de Barcelona. Con más de 20 años de experiencia en el sector. Se especializan en la fabricación e instalación de una amplia variedad de rótulos para comercios, empresas y negocios. Su equipo estará encantado de asesorarte sobre la solución que mejor se adapte a tus necesidades, garantizando así una mayor visibilidad para tu negocio.",20230556,SIN FOTOS,SIN FOTOS,Sí https://www.debergrafics.com/,Bueno ,
Bobet Soportes Publicitarios,Xprinta Santa Cruz de Tenerife,Rotulación Básica,"Calle Antonio Lecuona Hardisson, 26, 38009, Santa Cruz de Tenerife","Xprinta Santa Cruz de Tenerife ofrece servicios de diseño gráfico e industrial, incluyendo desarrollo técnico y presentaciones 3D, enfocados en la rotulación y señalización. Se especializa en asegurar el desarrollo y fabricación de proyectos de alta calidad, como rótulos luminosos, fachadas ventiladas, stands y decoración de interiores, adaptándose a las necesidades específicas de cada cliente para materializar sus ideas en la realidad.",20201421,kk,SIN FOTOS,Sí https://bobetcanarias.com/,,
Rótulos DL,Xprinta Segovia,Rotulación Básica,"Ctra tres casas, 28, 40194, Segovia","Xprinta Segovia destaca en la fabricación de rótulos luminosos, letras corpóreas, impresión en gran formato y rotulación de vehículos. Además, ofrecen diseño como valor añadido, así como impresión en textil, creación de páginas web y lienzos personalizados. Su oferta se amplía con decoración de paredes y espacios efímeros para particulares y comercios, y una amplia gama de Roll Ups en distintos tamaños y soportes.",20210157 /20201418 /20201421 /20191275 /20191251,,SUBIDO,Sí https://www.rotulosdl.com/,Bueno ,
Rotman,Xprinta Sevilla 1,Implantación corporativa,"Calle Los Palillos Cinco, 28, 41500, Sevilla","Xprinta Sevilla 1 se especializa en el diseño, producción, instalación y mantenimiento de rótulos y decoraciones, ofreciendo una amplia gama de servicios adaptados a las necesidades específicas de cada cliente. Con técnicas avanzadas como impresión digital, corte de vinilo y pintura, trabajan sobre una variedad de materiales para garantizar resultados de alta calidad.",20221331 20221331 20230089 20230493 20230642 20230395 20231353 20231197,SUBIDO,SI,No ,,
Eclipse Toldos,Xprinta Sevilla 2,Protección Solar,"Calle Bencarrón, 41510, Sevilla","Xprinta Sevilla 2 es una empresa especializada en el diseño, producción, instalación y mantenimiento de rótulos y decoraciones, destacándose por su amplia gama de servicios y técnicas innovadoras. Utilizando herramientas como impresión digital, corte de vinilo y pintura, trabajan sobre diversos materiales para ofrecer soluciones adaptadas a las necesidades de cada cliente. ",20221478 20231024,SUBIDO,SI,https://demairena.com/empresa/eclipse-toldos/,Página principal poco atractiva,
Degenero,Xprinta Sevilla 3,Rotulación Básica,"Avda. Alcalde Luis Uruñuela, 6. Edif. Congreso, Loc. 21. 41020 - Sevilla","Xprinta Sevilla 3 se especializa en cubrir todos los aspectos relacionados con la rotulación, ofreciendo servicios de alta calidad que abarcan desde la creación de logotipos hasta la serigrafía e impresión offset. Con un enfoque en la eficiencia y la atención al detalle, Xprinta Sevilla asegura soluciones publicitarias integrales adaptadas a las necesidades de cada cliente, destacándose por su capacidad para mejorar la visibilidad y el impacto de las marcas en el mercado.",20221573 20230350 20231159 20231198,SUBIDO,SI,Sí https://degenero.es/,Bueno ,
José Carlos Morales,Xprinta Sevilla 4,Rotulación Básica,Sevilla,"Xprinta sevilla 4 se especializa en el diseño, fabricación, instalación y mantenimiento de rótulos y decoraciones. Con una amplia gama de técnicas, como la impresión digital, el corte de vinilo y la pintura, trabajan sobre diversos materiales. Ofrecen servicios que van desde la decoración de fachadas hasta la rotulación y decoración de vehículos. Se destacan por su capacidad de adaptación a las necesidades del cliente y su compromiso firme con la calidad en cada proyecto.",,NO HAY,NO HAY FOTOS,No ,,
Rótulos Pascual,Xprinta Soria,Rotulación Básica,"Av. Valladolid, 33, 42001, Soria","Xprinta Soria se dedica al diseño, fabricación e instalación de una amplia gama de rótulos y señalizaciones, utilizando los mejores materiales y acabados disponibles en el mercado. Ofrecen una variedad de servicios incluyendo serigrafía, impresión digital y trabajos en metacrilato, así como señalización tanto exterior como interior y todo tipo de reclamos publicitarios. Están comprometidos con la calidad y el servicio personalizado para satisfacer las necesidades específicas de comunidades, hostelería, fábricas, comercios y particulares.",RIA SORIA 20210465,SUBIDO,, Sí https://www.rotulospascual.es/,Bueno ,
RC Tecnicos Imatge Corporativa,Xprinta Sta. Eulàlia de Ronçana,Implantación corporativa,"Carretera de Barcelona, 160, Local B. 8187, Sta. Eulàlia de Ronçana, Barcelona","Xprinta Sta. Eulàlia de Ronçana es un equipo profesional especializado en rotulación y señalización de espacios. Desde el diseño hasta la instalación, ofrecen soluciones específicas para empresas, diseñadores, arquitectos y agencias de publicidad.",20230464 20230614 20230884 20231170 20231110 20231375,SUBIDO,SI,https://www.rctecnicos.com/,Bueno ,
Luminosos del Tajo,Xprinta Talavera de la Reina,Rotulación Básica,"Polígono Sector 7, 45683, Talavera de la Reina,  Toledo","Xprinta Talavera de la Reina es una empresa con más de treinta años de experiencia, especializada en la creación de rótulos luminosos, letras corpóreas, neones, monopostes y vallas publicitarias, impresión digital y vinilos, señalética y directorios, así como elementos singulares para la publicidad y la señalización. Destacan por su capacidad para trabajar con diversos materiales y acabados, adaptándose a las necesidades específicas de sus clientes para mejorar su visibilidad en cualquier entorno.",20221322,SUBIDO,SI,https://www.rctecnicos.com/,Regular,tipografía de la web ilegible 
Blaumat,Xprinta Tarragona 1,Implantación corporativa,"AV Vidal Ibaquer, 22, LOCAL B, 43005, Tarragona","Xprinta Tarragona, con 25 años de experiencia, se especializa en la creación de rótulos, toldos, vinilos y reclamos publicitarios. Ofrece una amplia gama de productos y servicios, incluyendo el diseño, fabricación e instalación de rótulos adaptados a cualquier proyecto. Además, proporciona soluciones para toldos y vinilos de impresión digital y corte en varios tamaños, demostrando su capacidad para atender a una diversidad de necesidades en publicidad y señalización.",20230079 20221438 20230258  20230341 20230257 20230334,SUBIDO,SI,https://blaumat.com/,Regular ,Footer muy extenso 
Signo Rotulació,Xprinta Tarragona 2,Rotulación Básica,Tarragona,,20220751,kk,NO HAY FOTOS,https://signo.cat/,Bueno ,
Milian Rètols,Xprinta Terrassa,Rotulación Básica,"Carrer de l’Autonomia, 138, 08226 Terrassa, Barcelona","Xprinta Terrassa es una empresa con más de 40 años de historia en el campo de la rotulación y la pintura, fundada por Josep Milian Ruiz. Desde sus inicios en Terrassa, ha evolucionado hacia la rotulación profesional, manteniendo siempre la pasión por el trabajo artesanal. Con una trayectoria marcada por la innovación y el compromiso.",20231315,SUBIDO,,https://milianretols.com/,Bueno ,
Jomalux,Xprinta Terrugem,Implantación corporativa,"R. Santa Maria 15, 2715-311 Terrugem, Portugal","Xprinta Terrugem, presente en el mercado de la Comunicación e Imagen desde 1989, se especializa en Publicidad Luminosa. Ofrece una amplia gama de productos, incluyendo letreros luminosos, vallas publicitarias y carteles de diversas dimensiones y materiales. Destacados por su profesionalismo y amplia experiencia, trabajan con un equipo de excelentes profesionales para ofrecer soluciones personalizadas que se adaptan a las necesidades específicas de cada cliente. Su objetivo principal es hacer que cada marca destaque en un mercado donde predominan las similitudes, garantizando que cada proyecto resalte las diferencias y fortalezas únicas de sus clientes en Terrugem, Portugal.",20221613,SUBIDO,SI,https://www.jomalux.pt/,Regular ,Formulario en el footer
Sol y Sombras Toldos,Xprinta Tías,Protección Solar,"C. Islote de Hilario, 8, Local 2, 35572 Tías, Las Palmas","Xprinta Tías, es un negocio familiar que ofrece una extensa gama de toldos y persianas con materiales de alta calidad. Con más de dos décadas de experiencia en el sector, se comprometen a asistir a sus clientes en la toma de decisiones informadas que se adapten a sus necesidades.",NESTLE TOLDOS LANZAROTE 20230265,SUBIDO,,https://www.solysom.es/,Regular ,Mal estructurada 
Apigon Publicidad,Xprinta Tomelloso,Rotulación Básica,"Calle Don Gaiferos, 23, 13700, Tomelloso, Ciudad Real","Xprinta Tomelloso se especializa en el diseño, impresión y fabricación de imagen corporativa para empresas y eventos, destacando por su capacidad para ofrecer soluciones integrales que potencian la identidad visual de sus clientes.",20230531,SUBIDO,SI,https://apigon.com/,Buena,Footer incompleto 
Rótulos Plano,Xprinta Toremejía,Rotulación Básica,"Calle Castúo, 57, 6210, Torremejía","Xprinta Torremejía se especializa en la rotulación general y publicidad, ofreciendo servicios personalizados. Se dedican a la fabricación de rótulos y señalización, tanto para exteriores como interiores, y proporcionan servicios de diseño gráfico en general. Destacan por su compromiso con la calidad y la dedicación en cada diseño, asegurando la satisfacción de sus clientes.",20231008,SUBIDO,SI,https://www.rotulosplano.es/,Regular ,"Faltan páginas:quiénes somos, contacto "
Tot retolació,Xprinta Tortosa,Rotulación Básica,"Calle Juan Sebastián Elcano, 19, 43500, Tortosa, Tarragona","Xprinta Tortosa es una empresa líder en el sector de la rotulación, con una trayectoria de más de 36 años. Se destaca por su constante crecimiento y por ofrecer un servicio personalizado y profesional adaptado a las necesidades de sus clientes. Desde el diseño hasta la instalación, permite a sus clientes seguir todo el proceso del rótulo. Utilizan una amplia variedad de materiales de alta calidad y cuentan con maquinaria de última generación para garantizar una fabricación eficiente.",20221037 20220736 20220639,SUBIDO,,https://totretolacio.com/es/,Regular ,Página de incio sobrecargada de imágenes 
Vinilarium,Xprinta Trescasas,Rotulación Básica,"C. los Olmos, 9, 40194 Trescasas, Segovia","Xprinta Trescasas se especializa en la creación de vinilos y rótulos, ofreciendo también servicios de diseño e instalación de lonas, roll ups y decoración impresa en tela. Además, proporcionan soluciones para la rotulación de vehículos y la elaboración de trofeos en diversos materiales. Se destacan por adaptarse a las necesidades de sus clientes, ofreciendo un equipo de diseño propio y un servicio de montaje eficaz para garantizar la satisfacción en cada proyecto.",20231093 20231366,SUBIDO,SI,https://www.vinilarium.com/display,Malo ,No se abren los apartados del menú principal 
Rótulos Cid,Xprinta Tudela,Rotulación Básica,"Polígono Industrial Gallina Blanca, Manzana 8, Nave 1, 31500, Tudela, Navarra","Xprinta Tudela se especializa en el diseño, fabricación, instalación y mantenimiento de rótulos y decoraciones. Con una amplia gama de técnicas, como la impresión digital, el corte de vinilo y la pintura, trabajan sobre diversos materiales. Ofrecen servicios que van desde la decoración de fachadas hasta la rotulación y decoración de vehículos. Se destacan por su capacidad de adaptación a las necesidades del cliente y su compromiso firme con la calidad en cada proyecto.",RIA TUDELA /20210327,,SUBIDO,https://www.impresiondigitalcid.es/rotulacion/,Buena ,
Luminosos Ruvira,Xprinta Úbeda,Rotulación Básica,"Calle Cerámica, 21,Polígono Industrial Los Cerros, 23400, Úbeda, Jaén","Xprinta Úbeda es una empresa industrial especializada en identidad corporativa y señalética a nivel nacional e internacional. Cuenta con recursos técnicos y humanos para diseñar, fabricar, instalar y mantener elementos de rotulación e interiorismo para diversos sectores, como centros comerciales, banca, transporte, sanidad y turismo.",20220319,SUBIDO,,https://www.luminososruvira.com/,Buena ,
Servirotulo,Xprinta Valdepeñas,Rotulación Básica,"Avd. Gregorio Prieto, 41, 13300, Valdepeñas, Ciudad Real","Xprinta Valdepeñas es una empresa experta en el diseño, producción, instalación y mantenimiento de rótulos y decoraciones. Utilizan diversas técnicas como impresión digital, corte de vinilo y pintura, aplicadas sobre una variedad de materiales. Su oferta de servicios abarca desde la decoración de fachadas hasta la rotulación y decoración de vehículos. Se destacan por su capacidad de adaptación a las necesidades del cliente y su compromiso inquebrantable con la calidad en cada proyecto que realizan.",20220521,,SUBIDA,NO ,,
GTA TOLDOS,Xprinta Valencia 1,Protección Solar,"Carrer d'Albuixech, 5, 46021, Valencia","Xprinta Valencia se compromete con la excelencia y la satisfacción del cliente, destacándose en el sector de la rotulación con más de 30 años de experiencia. Se distinguen por su seriedad comercial y la implementación constante de nuevas técnicas y productos, simbolizando un compromiso firme con la innovación. Su búsqueda incesante de las mejores soluciones está respaldada por un equipo técnico altamente cualificado, asegurando servicios de alta calidad adaptados a las necesidades específicas de cada proyecto.",20230332 20230582 20230915 20231106 20231138,SUBIDO,SI,https://www.gtatoldos.com/,Buena ,
Servinilo,Xprinta Valencia 2,Rotulación Básica,"Masía del Juez, Del Rajolers,30 Polig, 46900, Valencia","Xprinta Valencia 2 es una empresa líder en el sector de diseño, producción, instalación y mantenimiento de rótulos y decoraciones. Con una sólida experiencia y utilizando técnicas avanzadas como impresión digital, corte de vinilo y pintura, ofrecen soluciones personalizadas sobre una amplia variedad de materiales.",20230259 20231003 20231004 20231003,SUBIDO,SI,no ,,
Rótulos Simbolo,Xprinta Valladolid,Implantación corporativa,"Calle Forja, 4. Nave 3,  Polígono Argales,  47008, Valladolid ","Xprinta Valladolid se especializa en la creación y promoción de la imagen de marca en diversos formatos publicitarios, como cartelería, vallas publicitarias, letras corpóreas, luminosos y rotulación de vehículos, entre otros. Su enfoque se centra en ayudar a sus clientes a destacar en el mercado mediante una sólida presencia visual en diferentes medios publicitarios.",20221569 20221515 20230172 20231117,SUBIDO,SI,Sí,Malo ,Da error 
MEDINA ROTULOS,Xprinta Vélez-Málaga,Rotulación Básica,"Calle Aceituneros, 40, Local 3, 29700 Vélez-Málaga, Málaga","Xprinta Vélez-Málaga es especialista en rotulación de vehículos, escaparates, letreros y banderolas, así como en la rotulación de paredes, metacrilatos, PVC, aluminio, polipropileno y cristal. Ofrecen impresión digital en gran formato en diversos materiales y personalizan camisetas y otras prendas con vinilo textil, sublimación, serigrafía y bordados, contando con máquina propia de bordado. No dude en contactarlos para más información.",20221346 20230081,SUBIDO,SI,https://www.medinarotulos.com/,Bueno ,
TOLDOS GILBERT,Xprinta Vic,Protección Solar,"Calle del campo, 13, 08500, Vic","Xprinta Vic se dedica a la fabricación e instalación de toldos, persianas, cortinas y mosquiteras, brindando soluciones para proteger contra el sol, el viento y la lluvia, así como para preservar la privacidad en espacios exteriores. Su enfoque principal es asegurar la satisfacción de los clientes a través de productos de primera calidad, respaldados por un equipo experto y tecnología de vanguardia.",20220046,,fotos de no toldos,no ,,
Ecoimagen Rotulos,Xprinta Villanueva del Arzobispo,Rotulación Básica,"Calle Dr. Blanco Rodríguez, 53, 23330 Villanueva del Arzobispo, Jaén","Xprinta Villanueva del Arzobispo es una empresa especializada en ofrecer soluciones integrales en diseño, producción, instalación y mantenimiento de rótulos y decoraciones. Con una amplia gama de técnicas a su disposición, como impresión digital, corte de vinilo y pintura, trabajan sobre diversos materiales para brindar resultados de alta calidad.",20220725,,....,No ,,
Lazos Comunica,Xprinta Villarrobledo,Rotulación Básica,"Calle San Antón, 1, 02600, Villarrobledo, Albacete","Xprinta Villarrobledo ofrece una amplia gama de servicios que incluyen diseño y creación de imagen corporativa. Además, dispone de diversos soportes para publicidad exterior como rótulos publicitarios, monopostes, vallas publicitarias y pantallas LED, buscando impactar al público objetivo de sus clientes y promover su imagen, nombre o actividad de manera efectiva.",20221134,SUBIDO,,https://lazoscomunica.com/,Malo ,Muy antigua 
Icónica,Xprinta Vitoria-Gasteiz,Implantación corporativa,"Calle Bitorialanda, 7, 01010 Vitoria-Gasteiz, Álava","Xprinta Vitoria-Gasteiz es un equipo de profesionales con vasta experiencia en el ámbito de la imagen corporativa, especializados en rotulación tanto en Vitoria-Gasteiz como a nivel nacional, extendiendo incluso su alcance hasta Francia y Marruecos. Su misión es brindar a cada empresa y negocio la proyección y visibilidad que merecen, cuidando cada detalle para transmitir su filosofía y valores. Este enfoque detallista asegura que cada proyecto de rotulación refleje de manera fiel y efectiva la identidad de cada cliente, contribuyendo a su reconocimiento y presencia en el mercado.",PSN SEGUROS,SUBIDO,,https://www.iconicaimagen.es/,Bueno ,
Corpóreas Aragon,Xprinta Zaragoza 1,Rotulación Básica,"Calle Julian Gallego, 9, 4ºB, 50018, Zaragoza","Xprinta Zaragoza gestiona y planifica proyectos para la realización e instalación de una amplia variedad de elementos publicitarios. Su oferta incluye rótulos luminosos, letras corpóreas, rótulos fresados, gráficas impresas, vinilos y señalización, especializándose en soluciones a medida para empresas y oficinas. Con un enfoque en la calidad y la eficiencia, Xprinta Zaragoza se asegura de que cada proyecto refleje fielmente la identidad y los valores de sus clientes.",20221202 20221277 20221202 20221636 20230717 20230336 20230685 20230855,SUBIDO,SI,https://www.corporeasaragon.com/,Bueno ,
Femonsa,Xprinta Zaragoza 2,Implantación corporativa,"Carretera Logroño, Km 2,400, Polígono Portazgo, Nave 13, 50011 Zaragoza","Xprinta Zaragoza se especializa en la fabricación de rótulos y ofrece una amplia gama de servicios que incluyen diseño, desarrollo, fabricación e instalación de sus productos. Su equipo creativo y técnico trabaja en conjunto para brindar soluciones personalizadas y de alta calidad para cada proyecto, asegurando que las ideas de sus clientes se materialicen con innovación y precisión.",20230486,SUBIDO,SI,SI ,BUENO,
,,,,,,,,,,
,,,,,,,,,,
,,,,,,,,,,
,,,,,,,,,,
,,,,,,,,,,
,,,,,,,,,,
,,,,,,,,,,
,,,,,,,,,,
,,,,,,,,,,
,,,,,,,,,,
,,,,,,,,,,
,,,,,,,,,,
,,,,,,,,,,
,,,,,,,,,,
,,,,,,,,,,
,,,,,,,,,,
,,,,,,,,,,
,,,,,,,,,,
,,,,,,,,,,
,,,,,,,,,,
,,,,,,,,,,
,,,,.,,,,,,